GROUP,PACKAGE,CLASS,INSTRUCTION_MISSED,INSTRUCTION_COVERED,BRANCH_MISSED,BRANCH_COVERED,LINE_MISSED,LINE_COVERED,COMPLEXITY_MISSED,COMPLEXITY_COVERED,METHOD_MISSED,METHOD_COVERED
Prometheus Core Application Framework,io.github.tonywasher.joceanus.prometheus.views,PrometheusViewerEntryId,68,0,2,0,13,0,3,0,2,0
Prometheus Core Application Framework,io.github.tonywasher.joceanus.prometheus.views,PrometheusUIEvent,57,0,0,0,10,0,1,0,1,0
Prometheus Core Application Framework,io.github.tonywasher.joceanus.prometheus.views,PrometheusEditEntry,191,0,28,0,72,0,28,0,10,0
Prometheus Core Application Framework,io.github.tonywasher.joceanus.prometheus.views,PrometheusDataEvent,51,0,0,0,9,0,1,0,1,0
Prometheus Core Application Framework,io.github.tonywasher.joceanus.prometheus.views,PrometheusDataControl,310,0,2,0,79,0,27,0,26,0
Prometheus Core Application Framework,io.github.tonywasher.joceanus.prometheus.views,PrometheusEditSet,701,0,70,0,206,0,71,0,34,0
Prometheus Core Application Framework,io.github.tonywasher.joceanus.prometheus.views,PrometheusViewResource,132,0,2,0,29,0,8,0,7,0
Prometheus Core Application Framework,io.github.tonywasher.joceanus.prometheus.database,PrometheusColumnDefinition.PrometheusReferenceColumn,270,0,12,0,69,0,12,0,6,0
Prometheus Core Application Framework,io.github.tonywasher.joceanus.prometheus.database,PrometheusColumnDefinition.PrometheusDateColumn,60,0,4,0,19,0,8,0,6,0
Prometheus Core Application Framework,io.github.tonywasher.joceanus.prometheus.database,PrometheusColumnDefinition.PrometheusBinaryColumn,56,0,2,0,18,0,7,0,6,0
Prometheus Core Application Framework,io.github.tonywasher.joceanus.prometheus.database,PrometheusTableDataItem,707,0,60,0,230,0,60,0,30,0
Prometheus Core Application Framework,io.github.tonywasher.joceanus.prometheus.database,PrometheusTableControlKeySet,75,0,4,0,20,0,7,0,5,0
Prometheus Core Application Framework,io.github.tonywasher.joceanus.prometheus.database,PrometheusColumnDefinition.PrometheusLongColumn,53,0,4,0,17,0,8,0,6,0
Prometheus Core Application Framework,io.github.tonywasher.joceanus.prometheus.database,PrometheusTableDataInfo,88,0,6,0,21,0,6,0,3,0
Prometheus Core Application Framework,io.github.tonywasher.joceanus.prometheus.database,PrometheusColumnDefinition.PrometheusMoneyColumn,61,0,4,0,19,0,7,0,5,0
Prometheus Core Application Framework,io.github.tonywasher.joceanus.prometheus.database,PrometheusTableControlKeys,74,0,4,0,20,0,7,0,5,0
Prometheus Core Application Framework,io.github.tonywasher.joceanus.prometheus.database,PrometheusBatchControl,97,0,12,0,28,0,12,0,6,0
Prometheus Core Application Framework,io.github.tonywasher.joceanus.prometheus.database,PrometheusColumnDefinition.PrometheusIdColumn,10,0,0,0,4,0,2,0,2,0
Prometheus Core Application Framework,io.github.tonywasher.joceanus.prometheus.database,PrometheusColumnDefinition.PrometheusRateColumn,81,0,4,0,24,0,7,0,5,0
Prometheus Core Application Framework,io.github.tonywasher.joceanus.prometheus.database,PrometheusDBResource,168,0,2,0,33,0,8,0,7,0
Prometheus Core Application Framework,io.github.tonywasher.joceanus.prometheus.database,PrometheusColumnDefinition.PrometheusIntegerColumn,53,0,4,0,17,0,8,0,6,0
Prometheus Core Application Framework,io.github.tonywasher.joceanus.prometheus.database,PrometheusTableControlData,74,0,4,0,20,0,7,0,5,0
Prometheus Core Application Framework,io.github.tonywasher.joceanus.prometheus.database,PrometheusJDBCDriver,257,0,60,0,86,0,49,0,12,0
Prometheus Core Application Framework,io.github.tonywasher.joceanus.prometheus.database,PrometheusTableDataKeySet,75,0,4,0,20,0,7,0,5,0
Prometheus Core Application Framework,io.github.tonywasher.joceanus.prometheus.database,PrometheusDatabase.PrometheusDatabasePreferenceKey,85,0,0,0,15,0,4,0,4,0
Prometheus Core Application Framework,io.github.tonywasher.joceanus.prometheus.database,PrometheusColumnDefinition.PrometheusPriceColumn,81,0,4,0,24,0,7,0,5,0
Prometheus Core Application Framework,io.github.tonywasher.joceanus.prometheus.database,PrometheusColumnDefinition,109,0,2,0,37,0,17,0,16,0
Prometheus Core Application Framework,io.github.tonywasher.joceanus.prometheus.database,PrometheusColumnDefinition.PrometheusShortColumn,53,0,4,0,17,0,8,0,6,0
Prometheus Core Application Framework,io.github.tonywasher.joceanus.prometheus.database,PrometheusTableDefinition.PrometheusSortOrder,15,0,0,0,3,0,1,0,1,0
Prometheus Core Application Framework,io.github.tonywasher.joceanus.prometheus.database,PrometheusBatchControl.PrometheusBatchTable,105,0,20,0,31,0,14,0,4,0
Prometheus Core Application Framework,io.github.tonywasher.joceanus.prometheus.database,PrometheusColumnDefinition.PrometheusBooleanColumn,53,0,4,0,17,0,8,0,6,0
Prometheus Core Application Framework,io.github.tonywasher.joceanus.prometheus.database,PrometheusTableDefinition,1648,0,130,0,446,0,135,0,70,0
Prometheus Core Application Framework,io.github.tonywasher.joceanus.prometheus.database,PrometheusTableStaticData,111,0,8,0,26,0,7,0,3,0
Prometheus Core Application Framework,io.github.tonywasher.joceanus.prometheus.database,PrometheusDatabase.PrometheusDatabasePreferences,187,0,26,0,49,0,17,0,4,0
Prometheus Core Application Framework,io.github.tonywasher.joceanus.prometheus.database,PrometheusTableEncrypted,46,0,2,0,13,0,4,0,3,0
Prometheus Core Application Framework,io.github.tonywasher.joceanus.prometheus.database,PrometheusDBConfig,228,0,4,0,74,0,24,0,22,0
Prometheus Core Application Framework,io.github.tonywasher.joceanus.prometheus.database,PrometheusDataStore,624,0,35,0,168,0,35,0,16,0
Prometheus Core Application Framework,io.github.tonywasher.joceanus.prometheus.database,PrometheusColumnDefinition.PrometheusUnitsColumn,81,0,4,0,24,0,7,0,5,0
Prometheus Core Application Framework,io.github.tonywasher.joceanus.prometheus.database,PrometheusColumnDefinition.PrometheusStringColumn,60,0,2,0,19,0,7,0,6,0
Prometheus Core Application Framework,io.github.tonywasher.joceanus.prometheus.database,PrometheusColumnDefinition.PrometheusRatioColumn,81,0,4,0,24,0,7,0,5,0
Prometheus Core Application Framework,io.github.tonywasher.joceanus.prometheus.maps,PrometheusMapsFieldInstance,143,0,8,0,41,0,19,0,15,0
Prometheus Core Application Framework,io.github.tonywasher.joceanus.prometheus.maps,PrometheusMapsInstanceElement.PrometheusMapsInstanceElementItem,36,0,0,0,13,0,6,0,6,0
Prometheus Core Application Framework,io.github.tonywasher.joceanus.prometheus.maps,PrometheusMapsDataSetTouch,75,0,4,0,20,0,10,0,8,0
Prometheus Core Application Framework,io.github.tonywasher.joceanus.prometheus.maps,PrometheusMapsListInstance,275,0,32,0,56,0,35,0,19,0
Prometheus Core Application Framework,io.github.tonywasher.joceanus.prometheus.maps,PrometheusMapsInstanceElement.PrometheusMapsInstanceElementList,32,0,0,0,11,0,5,0,5,0
Prometheus Core Application Framework,io.github.tonywasher.joceanus.prometheus.maps,PrometheusMapsInstanceCtl,148,0,6,0,35,0,21,0,18,0
Prometheus Core Application Framework,io.github.tonywasher.joceanus.prometheus.maps,PrometheusMapsResource,94,0,2,0,20,0,8,0,7,0
Prometheus Core Application Framework,io.github.tonywasher.joceanus.prometheus.maps,PrometheusMapsListTouch,90,0,4,0,23,0,13,0,11,0
Prometheus Core Application Framework,io.github.tonywasher.joceanus.prometheus.maps,PrometheusMapsItemId,79,0,6,0,19,0,11,0,8,0
Prometheus Core Application Framework,io.github.tonywasher.joceanus.prometheus.maps,PrometheusMapsDataSetInstance,191,0,16,0,43,0,24,0,16,0
Prometheus Core Application Framework,io.github.tonywasher.joceanus.prometheus.maps,PrometheusMapsItemTouch,83,0,2,0,23,0,11,0,10,0
Prometheus Core Application Framework,io.github.tonywasher.joceanus.prometheus.maps,PrometheusMapsBaseInstance,99,0,8,0,25,0,14,0,10,0
Prometheus Core Application Framework,io.github.tonywasher.joceanus.prometheus.maps,PrometheusMapsCtl,238,0,22,0,72,0,29,0,18,0
Prometheus Core Application Framework,io.github.tonywasher.joceanus.prometheus.maps,PrometheusMapsTouchCtl,96,0,4,0,23,0,14,0,12,0
Prometheus Core Application Framework,io.github.tonywasher.joceanus.prometheus.maps,PrometheusMapsDateInstance,173,0,6,0,46,0,17,0,14,0
Prometheus Core Application Framework,io.github.tonywasher.joceanus.prometheus.exc,PrometheusIOException,5,0,0,0,2,0,1,0,1,0
Prometheus Core Application Framework,io.github.tonywasher.joceanus.prometheus.exc,PrometheusSecurityException,4,0,0,0,2,0,1,0,1,0
Prometheus Core Application Framework,io.github.tonywasher.joceanus.prometheus.exc,PrometheusLogicException,9,0,0,0,4,0,2,0,2,0
Prometheus Core Application Framework,io.github.tonywasher.joceanus.prometheus.exc,PrometheusCancelException,4,0,0,0,2,0,1,0,1,0
Prometheus Core Application Framework,io.github.tonywasher.joceanus.prometheus.exc,PrometheusDataException,16,4,0,0,6,2,3,1,3,1
Prometheus Core Application Framework,io.github.tonywasher.joceanus.prometheus.validate,PrometheusValidateStatic,82,0,18,0,25,0,11,0,2,0
Prometheus Core Application Framework,io.github.tonywasher.joceanus.prometheus.validate,PrometheusValidateInfo,40,0,8,0,15,0,6,0,2,0
Prometheus Core Application Framework,io.github.tonywasher.joceanus.prometheus.validate,PrometheusValidateBasic,10,0,2,0,5,0,3,0,2,0
Prometheus Core Application Framework,io.github.tonywasher.joceanus.prometheus.validate,PrometheusValidateInfoSet,159,0,27,0,51,0,25,0,11,0
Prometheus Core Application Framework,io.github.tonywasher.joceanus.prometheus.security,PrometheusSecurityResource,0,53,1,1,0,13,1,5,0,5
Prometheus Core Application Framework,io.github.tonywasher.joceanus.prometheus.security,PrometheusSecurityGenerator,70,0,0,0,14,0,7,0,7,0
Prometheus Core Application Framework,io.github.tonywasher.joceanus.prometheus.security,PrometheusSecurityDefaultDialog,57,0,2,0,20,0,8,0,7,0
Prometheus Core Application Framework,io.github.tonywasher.joceanus.prometheus.security,PrometheusSecurityPasswordManager,262,281,17,12,69,63,27,23,16,19
Prometheus Core Application Framework,io.github.tonywasher.joceanus.prometheus.security,PrometheusSecurityPasswordCache,253,406,38,30,69,103,32,20,5,13
Prometheus Core Application Framework,io.github.tonywasher.joceanus.prometheus.security,PrometheusSecurityPasswordManager.PrometheusPassCheck,4,137,3,13,2,28,3,10,0,5
Prometheus Core Application Framework,io.github.tonywasher.joceanus.prometheus.security,PrometheusSecurityPasswordCache.PrometheusLockCache,0,15,0,0,0,6,0,3,0,3
Prometheus Core Application Framework,io.github.tonywasher.joceanus.prometheus.ui,PrometheusItemEditActions,190,0,6,0,39,0,11,0,8,0
Prometheus Core Application Framework,io.github.tonywasher.joceanus.prometheus.ui,PrometheusGoToEvent,20,0,0,0,7,0,4,0,4,0
Prometheus Core Application Framework,io.github.tonywasher.joceanus.prometheus.ui,PrometheusUIResource,256,0,2,0,42,0,6,0,5,0
Prometheus Core Application Framework,io.github.tonywasher.joceanus.prometheus.ui,PrometheusActionButtons,200,0,12,0,49,0,16,0,9,0
Prometheus Core Application Framework,io.github.tonywasher.joceanus.prometheus.ui,PrometheusIcon,68,0,0,0,18,0,6,0,6,0
Prometheus Core Application Framework,io.github.tonywasher.joceanus.prometheus.ui,PrometheusMenuId,85,0,0,0,15,0,3,0,3,0
Prometheus Core Application Framework,io.github.tonywasher.joceanus.prometheus.ui,PrometheusItemActions,162,0,2,0,32,0,9,0,8,0
Prometheus Core Application Framework,io.github.tonywasher.joceanus.prometheus.sheets,PrometheusSheetReader,264,0,13,0,69,0,19,0,11,0
Prometheus Core Application Framework,io.github.tonywasher.joceanus.prometheus.sheets,PrometheusSheetDataInfo,55,0,0,0,15,0,5,0,5,0
Prometheus Core Application Framework,io.github.tonywasher.joceanus.prometheus.sheets,PrometheusSheetEncrypted,31,0,0,0,10,0,4,0,4,0
Prometheus Core Application Framework,io.github.tonywasher.joceanus.prometheus.sheets,PrometheusSheetDataItem,658,0,50,0,188,0,72,0,47,0
Prometheus Core Application Framework,io.github.tonywasher.joceanus.prometheus.sheets,PrometheusSheetControlKey,62,0,0,0,18,0,6,0,6,0
Prometheus Core Application Framework,io.github.tonywasher.joceanus.prometheus.sheets,PrometheusSheetControlKeySet,62,0,0,0,18,0,6,0,6,0
Prometheus Core Application Framework,io.github.tonywasher.joceanus.prometheus.sheets,PrometheusSheetStaticData,67,0,0,0,17,0,5,0,5,0
Prometheus Core Application Framework,io.github.tonywasher.joceanus.prometheus.sheets,PrometheusSheetDataKeySet,62,0,0,0,18,0,6,0,6,0
Prometheus Core Application Framework,io.github.tonywasher.joceanus.prometheus.sheets,PrometheusSheetWriter,228,0,11,0,60,0,17,0,10,0
Prometheus Core Application Framework,io.github.tonywasher.joceanus.prometheus.sheets,PrometheusSheetControlData,62,0,0,0,18,0,6,0,6,0
Prometheus Core Application Framework,io.github.tonywasher.joceanus.prometheus.sheets,PrometheusSpreadSheet,44,0,0,0,14,0,5,0,5,0
Prometheus Core Application Framework,io.github.tonywasher.joceanus.prometheus.ui.fieldset,PrometheusFieldSetPanel,1,0,0,0,1,0,1,0,1,0
Prometheus Core Application Framework,io.github.tonywasher.joceanus.prometheus.ui.fieldset,PrometheusFieldSetTabs,98,0,4,0,24,0,7,0,5,0
Prometheus Core Application Framework,io.github.tonywasher.joceanus.prometheus.ui.fieldset,PrometheusFieldSetTextArea,121,0,2,0,35,0,12,0,11,0
Prometheus Core Application Framework,io.github.tonywasher.joceanus.prometheus.ui.fieldset,PrometheusFieldSetEvent,27,0,0,0,9,0,4,0,4,0
Prometheus Core Application Framework,io.github.tonywasher.joceanus.prometheus.ui.fieldset,PrometheusFieldSetTableTab,37,0,0,0,15,0,9,0,9,0
Prometheus Core Application Framework,io.github.tonywasher.joceanus.prometheus.ui.fieldset,PrometheusFieldSetFields,265,0,18,0,63,0,21,0,12,0
Prometheus Core Application Framework,io.github.tonywasher.joceanus.prometheus.ui.fieldset,PrometheusFieldSet,374,0,24,0,92,0,31,0,19,0
Prometheus Core Application Framework,io.github.tonywasher.joceanus.prometheus.ui.fieldset,PrometheusFieldSetElement,119,0,2,0,35,0,14,0,13,0
Prometheus Core Application Framework,io.github.tonywasher.joceanus.prometheus.threads,PrometheusThreadStoreDatabase,63,0,2,0,18,0,4,0,3,0
Prometheus Core Application Framework,io.github.tonywasher.joceanus.prometheus.threads,PrometheusThreadPurgeDatabase,43,0,0,0,14,0,3,0,3,0
Prometheus Core Application Framework,io.github.tonywasher.joceanus.prometheus.threads,PrometheusThreadCreateTables,43,0,0,0,14,0,3,0,3,0
Prometheus Core Application Framework,io.github.tonywasher.joceanus.prometheus.threads,PrometheusThreadLoadBackup,113,0,4,0,33,0,7,0,5,0
Prometheus Core Application Framework,io.github.tonywasher.joceanus.prometheus.threads,PrometheusThreadLoadXMLFile,115,0,4,0,33,0,7,0,5,0
Prometheus Core Application Framework,io.github.tonywasher.joceanus.prometheus.threads,PrometheusThreadResource,123,0,2,0,23,0,6,0,5,0
Prometheus Core Application Framework,io.github.tonywasher.joceanus.prometheus.threads,PrometheusThreadCreateXMLFile,193,0,18,0,53,0,12,0,3,0
Prometheus Core Application Framework,io.github.tonywasher.joceanus.prometheus.threads,PrometheusThreadRenewSecurity,32,0,0,0,12,0,4,0,4,0
Prometheus Core Application Framework,io.github.tonywasher.joceanus.prometheus.threads,PrometheusThreadId,99,0,0,0,17,0,3,0,3,0
Prometheus Core Application Framework,io.github.tonywasher.joceanus.prometheus.threads,PrometheusThreadLoadDatabase,44,0,2,0,15,0,5,0,4,0
Prometheus Core Application Framework,io.github.tonywasher.joceanus.prometheus.threads,PrometheusThreadUpdatePassword,33,0,0,0,12,0,4,0,4,0
Prometheus Core Application Framework,io.github.tonywasher.joceanus.prometheus.threads,PrometheusThreadCreateDatabase,31,0,0,0,10,0,3,0,3,0
Prometheus Core Application Framework,io.github.tonywasher.joceanus.prometheus.threads,PrometheusThreadCreateBackup,166,0,10,0,44,0,8,0,3,0
Prometheus Core Application Framework,io.github.tonywasher.joceanus.prometheus.ui.panel,PrometheusDataItemPanel,619,0,42,0,148,0,67,0,46,0
Prometheus Core Application Framework,io.github.tonywasher.joceanus.prometheus.ui.panel,PrometheusMainWindow,714,0,44,0,163,0,76,0,54,0
Prometheus Core Application Framework,io.github.tonywasher.joceanus.prometheus.data,PrometheusControlKeySet.PrometheusControlKeySetList,150,0,4,0,42,0,19,0,17,0
Prometheus Core Application Framework,io.github.tonywasher.joceanus.prometheus.data,PrometheusDataValues.PrometheusInfoItem,115,0,12,0,31,0,15,0,9,0
Prometheus Core Application Framework,io.github.tonywasher.joceanus.prometheus.data,PrometheusTableItem.PrometheusTableList,13,0,0,0,3,0,3,0,3,0
Prometheus Core Application Framework,io.github.tonywasher.joceanus.prometheus.data,PrometheusDataKeySet.PrometheusDataKeySetList,133,0,4,0,37,0,19,0,17,0
Prometheus Core Application Framework,io.github.tonywasher.joceanus.prometheus.data,PrometheusDataInfoLinkSet,533,0,82,0,181,0,73,0,32,0
Prometheus Core Application Framework,io.github.tonywasher.joceanus.prometheus.data,PrometheusStaticDataItem,657,0,60,0,156,0,70,0,40,0
Prometheus Core Application Framework,io.github.tonywasher.joceanus.prometheus.data,PrometheusEncryptedFieldSet,126,0,0,0,24,0,17,0,17,0
Prometheus Core Application Framework,io.github.tonywasher.joceanus.prometheus.data,PrometheusEncryptor.PrometheusBooleanEncryptor,11,0,0,0,3,0,2,0,2,0
Prometheus Core Application Framework,io.github.tonywasher.joceanus.prometheus.data,PrometheusEncryptedField,22,0,2,0,6,0,3,0,2,0
Prometheus Core Application Framework,io.github.tonywasher.joceanus.prometheus.data,PrometheusStaticDataItem.PrometheusStaticList,145,0,16,0,34,0,19,0,11,0
Prometheus Core Application Framework,io.github.tonywasher.joceanus.prometheus.data,PrometheusEncryptedPair,159,0,24,0,40,0,22,0,10,0
Prometheus Core Application Framework,io.github.tonywasher.joceanus.prometheus.data,PrometheusDataValues,619,0,78,0,154,0,58,0,19,0
Prometheus Core Application Framework,io.github.tonywasher.joceanus.prometheus.data,PrometheusDataTouch.PrometheusTouchCounter,26,0,0,0,9,0,5,0,5,0
Prometheus Core Application Framework,io.github.tonywasher.joceanus.prometheus.data,PrometheusDataTouch,78,0,6,0,21,0,14,0,11,0
Prometheus Core Application Framework,io.github.tonywasher.joceanus.prometheus.data,PrometheusDataGroup,39,0,0,0,12,0,6,0,6,0
Prometheus Core Application Framework,io.github.tonywasher.joceanus.prometheus.data,PrometheusEncryptor.PrometheusDecimalEncryptor,4,0,0,0,1,0,1,0,1,0
Prometheus Core Application Framework,io.github.tonywasher.joceanus.prometheus.data,PrometheusDataInfoItem,967,0,110,0,282,0,108,0,48,0
Prometheus Core Application Framework,io.github.tonywasher.joceanus.prometheus.data,PrometheusDataSet.PrometheusCryptographyDataType,90,0,9,0,24,0,14,0,8,0
Prometheus Core Application Framework,io.github.tonywasher.joceanus.prometheus.data,PrometheusDataInfoItem.PrometheusDataInfoList,22,0,0,0,9,0,6,0,6,0
Prometheus Core Application Framework,io.github.tonywasher.joceanus.prometheus.data,PrometheusEncryptor.PrometheusPriceEncryptor,5,0,0,0,1,0,1,0,1,0
Prometheus Core Application Framework,io.github.tonywasher.joceanus.prometheus.data,PrometheusEncryptor.PrometheusIntegerEncryptor,9,0,0,0,2,0,2,0,2,0
Prometheus Core Application Framework,io.github.tonywasher.joceanus.prometheus.data,PrometheusDataInfoSet,941,0,148,0,265,0,110,0,36,0
Prometheus Core Application Framework,io.github.tonywasher.joceanus.prometheus.data,PrometheusEncryptedDataItem.PrometheusEncryptedList,142,0,12,0,46,0,14,0,8,0
Prometheus Core Application Framework,io.github.tonywasher.joceanus.prometheus.data,PrometheusControlKeySet,338,0,18,0,93,0,32,0,23,0
Prometheus Core Application Framework,io.github.tonywasher.joceanus.prometheus.data,PrometheusControlData.PrometheusControlDataList,129,0,6,0,38,0,21,0,18,0
Prometheus Core Application Framework,io.github.tonywasher.joceanus.prometheus.data,PrometheusDataInstanceMap,101,0,4,0,25,0,13,0,11,0
Prometheus Core Application Framework,io.github.tonywasher.joceanus.prometheus.data,PrometheusStaticDataItem.PrometheusStaticDataMap,91,0,2,0,25,0,12,0,11,0
Prometheus Core Application Framework,io.github.tonywasher.joceanus.prometheus.data,PrometheusControlKey.ControlKeySetCache,105,0,14,0,34,0,16,0,9,0
Prometheus Core Application Framework,io.github.tonywasher.joceanus.prometheus.data,PrometheusDataSet,826,0,75,0,244,0,85,0,46,0
Prometheus Core Application Framework,io.github.tonywasher.joceanus.prometheus.data,PrometheusControlKey,357,0,12,0,97,0,28,0,22,0
Prometheus Core Application Framework,io.github.tonywasher.joceanus.prometheus.data,PrometheusControlKeySet.DataKeySetCache,104,0,14,0,34,0,16,0,9,0
Prometheus Core Application Framework,io.github.tonywasher.joceanus.prometheus.data,PrometheusEncryptor.PrometheusDateEncryptor,18,0,0,0,4,0,2,0,2,0
Prometheus Core Application Framework,io.github.tonywasher.joceanus.prometheus.data,PrometheusTableItem,2,0,0,0,1,0,1,0,1,0
Prometheus Core Application Framework,io.github.tonywasher.joceanus.prometheus.data,PrometheusEncryptor.PrometheusShortEncryptor,9,0,0,0,2,0,2,0,2,0
Prometheus Core Application Framework,io.github.tonywasher.joceanus.prometheus.data,PrometheusEncryptor.PrometheusRatioEncryptor,5,0,0,0,1,0,1,0,1,0
Prometheus Core Application Framework,io.github.tonywasher.joceanus.prometheus.data,PrometheusDataResource,748,0,2,0,120,0,12,0,11,0
Prometheus Core Application Framework,io.github.tonywasher.joceanus.prometheus.data,PrometheusDataList,797,0,105,0,261,0,103,0,50,0
Prometheus Core Application Framework,io.github.tonywasher.joceanus.prometheus.data,PrometheusControlKey.PrometheusControlKeyList,218,0,10,0,64,0,26,0,21,0
Prometheus Core Application Framework,io.github.tonywasher.joceanus.prometheus.data,PrometheusEncryptor.PrometheusLongEncryptor,9,0,0,0,2,0,2,0,2,0
Prometheus Core Application Framework,io.github.tonywasher.joceanus.prometheus.data,PrometheusDataKeySet,307,0,14,0,84,0,28,0,21,0
Prometheus Core Application Framework,io.github.tonywasher.joceanus.prometheus.data,PrometheusEncryptor,456,0,72,0,121,0,48,0,12,0
Prometheus Core Application Framework,io.github.tonywasher.joceanus.prometheus.data,PrometheusDataList.PrometheusListStyle,39,0,0,0,7,0,1,0,1,0
Prometheus Core Application Framework,io.github.tonywasher.joceanus.prometheus.data,PrometheusDataInfoLinkSet.PrometheusInfoSetValueList,46,0,4,0,16,0,6,0,4,0
Prometheus Core Application Framework,io.github.tonywasher.joceanus.prometheus.data,PrometheusEncryptedDataItem,246,0,18,0,76,0,33,0,24,0
Prometheus Core Application Framework,io.github.tonywasher.joceanus.prometheus.data,PrometheusControlData,164,0,10,0,47,0,20,0,15,0
Prometheus Core Application Framework,io.github.tonywasher.joceanus.prometheus.data,PrometheusEncryptor.PrometheusUnitsEncryptor,5,0,0,0,1,0,1,0,1,0
Prometheus Core Application Framework,io.github.tonywasher.joceanus.prometheus.data,PrometheusEncryptor.PrometheusStringEncryptor,7,0,0,0,2,0,2,0,2,0
Prometheus Core Application Framework,io.github.tonywasher.joceanus.prometheus.data,PrometheusDataErrorList,44,0,2,0,14,0,7,0,6,0
Prometheus Core Application Framework,io.github.tonywasher.joceanus.prometheus.data,PrometheusEncryptor.PrometheusCharArrayEncryptor,7,0,0,0,2,0,2,0,2,0
Prometheus Core Application Framework,io.github.tonywasher.joceanus.prometheus.data,PrometheusDataInfoSet.InfoIterator,83,0,12,0,22,0,11,0,5,0
Prometheus Core Application Framework,io.github.tonywasher.joceanus.prometheus.data,PrometheusEncryptedValues,204,0,26,0,63,0,24,0,11,0
Prometheus Core Application Framework,io.github.tonywasher.joceanus.prometheus.data,PrometheusEncryptor.PrometheusRateEncryptor,5,0,0,0,1,0,1,0,1,0
Prometheus Core Application Framework,io.github.tonywasher.joceanus.prometheus.data,PrometheusDataItem,692,0,92,0,215,0,105,0,55,0
Prometheus Core Application Framework,io.github.tonywasher.joceanus.prometheus.data,PrometheusEncryptor.PrometheusMoneyEncryptor,5,0,0,0,1,0,1,0,1,0
Prometheus Core Application Framework,io.github.tonywasher.joceanus.prometheus.data,PrometheusDataValuesFormatter,649,0,40,0,182,0,33,0,13,0
Prometheus Core Application Framework,io.github.tonywasher.joceanus.prometheus.preference,PrometheusPreferenceSecurity.PrometheusBaseSecurityPreferences,20,0,0,0,8,0,4,0,4,0
Prometheus Core Application Framework,io.github.tonywasher.joceanus.prometheus.preference,PrometheusPreferenceSetView.CharArrayPreferenceElement,100,0,2,0,23,0,4,0,3,0
Prometheus Core Application Framework,io.github.tonywasher.joceanus.prometheus.preference,PrometheusPreferenceSet.PrometheusByteArrayPreference,36,0,2,0,10,0,5,0,4,0
Prometheus Core Application Framework,io.github.tonywasher.joceanus.prometheus.preference,PrometheusPreferenceSet,114,0,10,0,30,0,15,0,10,0
Prometheus Core Application Framework,io.github.tonywasher.joceanus.prometheus.preference,PrometheusPreferenceSecurity.PrometheusSecurityPreferenceKey,73,0,2,0,15,0,5,0,4,0
Prometheus Core Application Framework,io.github.tonywasher.joceanus.prometheus.preference,PrometheusPreferenceSet.PrometheusCharArrayPreference,58,0,4,0,16,0,7,0,5,0
Prometheus Core Application Framework,io.github.tonywasher.joceanus.prometheus.preference,PrometheusPreferenceSetView,26,0,4,0,7,0,4,0,2,0
Prometheus Core Application Framework,io.github.tonywasher.joceanus.prometheus.preference,PrometheusPreferenceManager,16,0,2,0,5,0,3,0,2,0
Prometheus Core Application Framework,io.github.tonywasher.joceanus.prometheus.preference,PrometheusBackup.PrometheusBackupPreferences,101,0,12,0,30,0,10,0,4,0
Prometheus Core Application Framework,io.github.tonywasher.joceanus.prometheus.preference,PrometheusPreferenceView,22,0,2,0,5,0,3,0,2,0
Prometheus Core Application Framework,io.github.tonywasher.joceanus.prometheus.preference,PrometheusPreferenceResource,132,0,2,0,27,0,8,0,7,0
Prometheus Core Application Framework,io.github.tonywasher.joceanus.prometheus.preference,PrometheusPreferenceSecurity,127,0,4,0,36,0,7,0,5,0
Prometheus Core Application Framework,io.github.tonywasher.joceanus.prometheus.preference,PrometheusColumnType,69,0,0,0,12,0,1,0,1,0
Prometheus Core Application Framework,io.github.tonywasher.joceanus.prometheus.preference,PrometheusPreferenceType,26,0,2,0,6,0,3,0,2,0
Prometheus Core Application Framework,io.github.tonywasher.joceanus.prometheus.preference,PrometheusPreferenceSecurity.PrometheusSecurityPreferences,164,0,16,0,43,0,15,0,7,0
Prometheus Core Application Framework,io.github.tonywasher.joceanus.prometheus.preference,PrometheusBackup.PrometheusBackupPreferenceKey,69,0,0,0,13,0,4,0,4,0
Prometheus Core Application Framework,io.github.tonywasher.joceanus.prometheus.toolkit,PrometheusToolkit,73,0,0,0,15,0,7,0,7,0
